<?xml version="1.0"?>
<note>
    <people>
        <person>
            <fname>Jani</fname>
            <lname>McDonald</lname>
            <profession>teacher</profession>
        </person>
        <person>
            <fname>Peter</fname>
            <lname>Griffin</lname>
            <profession>teacher</profession>
        </person>
        <person>
            <fname>Chris</fname>
            <lname>Griffin</lname>
            <profession>teacher</profession>
        </person>
        <person>
            <fname>Brian</fname>
            <lname>Griffin</lname>
            <profession>teacher</profession>
        </person>
    </people>
</note>
